"code","interface","interfaceorder","completionthreequizzes","completionall","test1","test2","q1date","q1time","q1progress","q2date","q2time","q2progress","q3date","q3time","q3progress","finaldate","s1","s2","s3","s4","s5","s6","s7","s8","s9","s10","s11","s12","s13","s14","s15","s16","s17"
"G-third-first-second-11dd8f85-6570-487f-b290-1c4677ed0bcf","G","third-first-second","Yes","Yes","23","123","2021-04-25-20:10:01","6:38","23","2021-04-25-20:12:03","9:17","23","2021-04-25-20:13:35","3:29","23","2021-04-25-20:14:48","2","2","2","3","4","5","5","2","2","1","2","2","1","2","Male","45–54","Yes, I used to be a smartwatch user"
"P-second-third-first-695d4a4c-84c5-4ace-8172-f727b9a26016","P","second-third-first","","","15","30","2021-04-25-19:52:56","3:19","2","","","","","","","","","","","","","","","","","","","","","","","",""
"J-third-first-second-9ece25a6-b85e-4912-9a14-a554cf75a723","J","third-first-second","Yes","Yes","12","33","2021-04-25-19:41:40","6:38","120","2021-04-25-19:44:28","9:17","33","2021-04-25-19:46:20","3:29","67","2021-04-25-19:47:07","1","1","3","3","4","3","3","1","1","1","2","1","2","3","Female","35–44","No, I have never used smartwatch before"
"B-third-second-first-c10004a4-ba1b-481d-9957-0046b442eaff","B","third-second-first","Yes","Yes","12","137","2021-04-25-19:46:58","6:40","120","2021-04-25-19:50:37","3:29","70","2021-04-25-19:52:54","9:17","30","2021-04-25-19:53:49","4","5","5","4","5","1","1","5","5","1","4","5","4","5","Male","45–54","Yes, I am currently a smartwatch user"
"K-first-third-second-53d9f6e6-f0f0-4678-8de1-68e85f507d6a","K","first-third-second","Yes","Yes","20","140","2021-04-25-19:46:34","9:17","40","2021-04-25-19:50:58","6:38","110","2021-04-25-19:52:26","3:29","70","2021-04-25-19:54:11","4","4","5","4","5","1","1","4","4","1","5","5","5","5","Male","35–44","No, I have never used smartwatch before"
"O-second-first-third-a87700ec-6845-4ba5-9d72-669d4910e1be","O","second-first-third","","","5","4","2021-04-25-19:42:48","2:2","2","","","","","","","","","","","","","","","","","","","","","","","",""
"E-third-first-second-f1067e61-3f50-4305-a7a6-44b55ced60a5","E","third-first-second","Yes","Yes","20","140","2021-04-25-19:45:43","6:38","20","2021-04-25-19:51:18","9:17","40","2021-04-25-19:52:49","9:27","80","2021-04-25-19:54:26","1","5","4","4","4","2","3","4","4","1","5","4","4","5","Male","35–44","Yes, I am currently a smartwatch user"
"P-third-first-second-0155ea95-749f-4a77-9fb9-607294247bce","P","third-first-second","Yes","Yes","20","134","2021-04-25-19:46:41","6:38","40","2021-04-25-19:55:22","6:37","41","2021-04-25-19:57:29","3:29","72","2021-04-25-20:00:51","3","4","2","2","2","4","4","2","2","1","2","3","2","3","Female","35–44","Yes, I used to be a smartwatch user"
"C-second-third-first-e11ab045-5ce4-480d-b4a4-51e60ce8fcfa","C","second-third-first","Yes","Yes","20","140","2021-04-25-19:45:37","3:29","40","2021-04-25-19:47:37","6:38","110","2021-04-25-19:48:10","9:17","30","2021-04-25-19:49:09","5","3","5","5","5","1","1","5","5","1","3","5","3","5","Male","35–44","No, I have never used smartwatch before"
"M-first-third-second-154744d4-75a1-4eee-8359-4b0dd0a6ff6b","M","first-third-second","Yes","Yes","20","140","2021-04-25-19:43:45","09:17","40","2021-04-25-19:47:15","06:38","120","2021-04-25-19:48:16","03:29","75","2021-04-25-19:49:28","4","4","4","3","3","2","2","3","3","1","4","3","3","4","Male","25–34","No, I have never used smartwatch before"
"D-first-third-second-055d7949-04de-49fe-bbe7-e29072e0968b","D","first-third-second","Yes","Yes","20","120","2021-04-25-20:09:36","9:17","41","2021-04-25-20:13:42","6:38","115","2021-04-25-20:15:07","3:29","75","2021-04-25-20:16:08","2","3","4","3","4","4","4","3","4","1","3","2","2","4","Female","55–64","No, I have never used smartwatch before"
"F-third-first-second-e281f3c1-c724-451a-81a9-fc35fb2d0726","F","third-first-second","Yes","Yes","20","140","2021-04-25-19:44:39","6:38","115","2021-04-25-19:48:34","9:17","35","2021-04-25-19:49:43","3:29","70","2021-04-25-19:50:35","3","3","4","4","4","4","3","2","3","1","2","2","2","3","Female","45–54","Yes, I am currently a smartwatch user"
"C-second-first-third-a9a10235-2898-41ee-941d-ab0bdb3c246c","C","second-first-third","","","29","149","2021-04-25-19:51:25","3:29","40","2021-04-25-20:03:10","9:17","74","","","","","","","","","","","","","","","","","","","","",""
"C-first-third-second-5faba680-82fc-4a08-b611-e19c9449a320","C","first-third-second","Yes","Yes","20","140","2021-04-25-19:51:33","78:45","30","2021-04-25-20:00:14","78:45","30","2021-04-25-20:02:46","78:16","100","2021-04-25-20:03:10","5","5","5","5","5","5","5","5","5","5","5","5","5","5","Male","25–34","Yes, I used to be a smartwatch user"
"G-first-third-second-97910de3-ed81-4e8b-bdeb-5c21ec3fdf4f","G","first-third-second","Yes","Yes","20","140","2021-04-25-19:45:05","09:37","500","2021-04-25-19:48:45","128:45","20","2021-04-25-19:50:43","78:15","30","2021-04-25-19:51:02","5","5","5","4","5","4","5","4","5","5","5","5","5","5","Male","35–44","Yes, I used to be a smartwatch user"
"H-second-first-third-8924f304-4161-4a32-8f4b-e25b8218a81b","H","second-first-third","Yes","Yes","20","140","2021-04-25-20:09:21","3:29","5","2021-04-25-20:12:06","9:17","20","2021-04-25-20:12:44","6:38","0","2021-04-25-20:14:14","1","1","2","1","3","5","5","1","1","1","1","1","1","3","Male","45–54","Yes, I used to be a smartwatch user"
"A-first-third-second-9570e563-40db-4fb3-ad26-5f3204cb754d","A","first-third-second","","","10","25","2021-04-25-20:07:23","9:10","110","","","","","","","","","","","","","","","","","","","","","","","",""
"N-second-first-third-ce0225db-882b-4afa-a3ce-a789efe38355","N","second-first-third","","","20","100","2021-04-25-19:48:36","3:29","90","","","","","","","","","","","","","","","","","","","","","","","",""
"M-third-second-first-450f83cb-ed05-40cb-99fd-d2fa4fdd6699","M","third-second-first","Yes","Yes","25","40","2021-04-25-19:43:48","6:38","10","2021-04-25-19:47:33","3:29","70","2021-04-25-19:48:29","9:17","40","2021-04-25-19:52:08","1","3","1","1","4","3","4","2","2","1","3","4","4","3","Male","18–24","Yes, I am currently a smartwatch user"
"D-first-second-third-145f66db-8fb2-4dbb-a4a2-316f19bc167b","D","first-second-third","Yes","Yes","20","140","2021-04-25-19:51:52","9:17","20","2021-04-25-19:54:28","3:29","60","2021-04-25-19:55:05","6:38","110","2021-04-25-19:56:11","3","1","1","2","2","3","4","2","2","1","2","1","1","3","Male","18–24","Yes, I am currently a smartwatch user"
"Q-second-first-third-bed0f853-d42c-48c1-bc46-72fe0c9591e8","Q","second-first-third","Yes","Yes","20","140","2021-04-25-19:44:26","3:29","60","2021-04-25-19:48:55","9:17","20","2021-04-25-19:51:18","6:38","100","2021-04-25-19:56:24","4","5","4","5","3","2","1","3","3","1","4","4","5","5","Male","25–34","Yes, I used to be a smartwatch user"
"D-third-second-first-104962f0-fc1d-4eee-84bf-2687058fefce","D","third-second-first","Yes","Yes","20","140","2021-04-25-19:50:12","6:36","20","2021-04-25-19:54:37","3:29","140","2021-04-25-19:55:31","9:17","40","2021-04-25-19:56:50","2","2","2","2","2","4","4","4","2","1","4","4","4","4","Male","25–34","Yes, I used to be a smartwatch user"
"G-second-first-third-955f3193-1204-4fe8-b5b2-cd3dce22fd91","G","second-first-third","Yes","","25","50","2021-04-25-19:41:28","3:50","90","2021-04-25-20:03:11","2:5","90","2021-04-25-20:06:21","6:38","90","","","","","","","","","","","","","","","","","",""
"K-second-first-third-3d271348-349d-49af-9018-f32ac1bebce2","K","second-first-third","Yes","Yes","35","145","2021-04-25-19:56:04","3:10","60","2021-04-25-20:11:48","9:10","60","2021-04-25-20:13:54","6:38","20","2021-04-25-20:15:36","3","4","4","4","4","2","2","4","4","1","4","4","4","4","Male","35–44","Yes, I am currently a smartwatch user"
"M-first-third-second-e6491250-bbf7-4ab7-af89-415f85a3f984","M","first-third-second","Yes","Yes","20","140","2021-04-25-20:00:04","9:17","30","2021-04-25-20:07:07","6:38","0","2021-04-25-20:08:27","6:38","10","2021-04-25-20:12:04","1","2","2","1","2","4","3","2","1","1","2","2","3","2","Male","25–34","No, I have never used smartwatch before"
"I-first-third-second-eca87445-2d93-4e5c-a0f9-88e98257248b","I","first-third-second","Yes","Yes","12","145","2021-04-25-20:10:09","9:17","20","2021-04-25-20:12:14","6:38","14","2021-04-25-20:13:06","3:28","75","2021-04-25-20:13:42","4","4","4","4","4","1","1","4","4","1","5","4","4","4","Male","25–34","No, I have never used smartwatch before"
"B-first-second-third-1b0b780e-7df8-4696-8458-1ec68c75516c","B","first-second-third","Yes","Yes","15","100","2021-04-25-20:04:43","9:17","30","2021-04-25-20:09:00","3:29","70","2021-04-25-20:10:52","6:38","120","2021-04-25-20:12:22","3","4","4","4","5","1","1","3","3","1","5","4","4","5","Male","45–54","No, I have never used smartwatch before"
"I-third-second-first-670cfe8e-12c5-4191-ac50-b8041675f872","I","third-second-first","","","13","40","2021-04-25-20:09:23","2:1","30","","","","","","","","","","","","","","","","","","","","","","","",""
"K-second-first-third-77b66a6d-e20c-4145-97b7-7691a8add10d","K","second-first-third","Yes","Yes","20","140","2021-04-25-20:13:05","3:29","80","2021-04-25-20:19:13","9:17","80","2021-04-25-20:20:47","6:38","120","2021-04-25-20:22:27","1","2","4","5","5","2","2","4","4","1","4","4","5","5","Male","25–34","Yes, I used to be a smartwatch user"
"N-first-second-third-414126f1-472d-43ba-9d96-59723cd75bbd","N","first-second-third","Yes","Yes","20","140","2021-04-25-19:50:30","9:17","40","2021-04-25-20:08:58","3:29","160","2021-04-25-20:13:43","6:38","120","2021-04-25-20:14:08","4","3","4","4","4","5","5","4","3","1","3","4","4","4","Female","25–34","Yes, I am currently a smartwatch user"
"C-third-first-second-365c1a51-7374-42c9-8b4d-8e21794b41f6","C","third-first-second","Yes","Yes","20","140","2021-04-25-20:09:03","9:10","40","2021-04-25-20:11:53","9:17","30","2021-04-25-20:12:55","3:29","140","2021-04-25-20:14:08","2","5","4","3","3","4","3","4","4","1","3","4","3","4","Female","25–34","Yes, I used to be a smartwatch user"
"N-first-second-third-bbfc33f0-22f7-4bf7-ab1c-1c1dd4493695","N","first-second-third","Yes","Yes","10","160","2021-04-25-20:13:15","9:17","1","2021-04-25-20:17:16","3:29","0","2021-04-25-20:18:26","6:38","3","2021-04-25-20:20:28","2","5","5","4","3","3","4","2","2","1","1","1","1","4","Female","25–34","Yes, I am currently a smartwatch user"
"G-third-first-second-34d1a771-3f83-423b-8d7f-30ea259e8259","G","third-first-second","Yes","Yes","20","140","2021-04-25-20:10:10","8:35","20","2021-04-25-20:16:52","9:17","20","2021-04-25-20:19:31","3:29","100","2021-04-25-20:20:34","2","2","2","2","3","5","5","2","3","1","4","2","2","1","Male","25–34","No, I have never used smartwatch before"
"O-first-third-second-a993f12c-2649-4eff-96d6-f7e56815e648","O","first-third-second","Yes","Yes","20","140","2021-04-25-20:09:15","9:38","50","2021-04-25-20:12:35","6:38","90","2021-04-25-20:14:31","6:38","90","2021-04-25-20:15:09","4","5","4","5","4","5","4","3","3","4","4","3","3","4","Male","25–34","Yes, I used to be a smartwatch user"
"D-first-third-second-a173279b-94bb-417e-b648-6f419adfacd9","D","first-third-second","Yes","Yes","20","130","2021-04-25-20:10:34","9:17","35","2021-04-25-20:13:54","6:38","12","2021-04-25-20:14:43","3:29","70","2021-04-25-20:15:32","5","4","4","4","5","2","2","4","4","1","3","4","4","5","Female","55–64","Yes, I am currently a smartwatch user"
"N-third-second-first-ab91f7ba-c5f2-405c-810c-5bc6f0decc78","N","third-second-first","Yes","Yes","20","140","2021-04-25-20:05:46","6:38","30","2021-04-25-20:12:41","3:29","80","2021-04-25-20:15:20","9:17","40","2021-04-25-20:16:46","4","4","4","3","4","3","3","4","5","1","2","2","2","3","Male","45–54","No, I have never used smartwatch before"
"C-third-second-first-e11ba460-9acb-46cc-a6f4-705ffb4c80f7","C","third-second-first","Yes","Yes","6","5","2021-04-25-20:15:51","6:38","50","2021-04-25-20:18:51","3:29","50","2021-04-25-20:20:15","9:17","52","2021-04-25-20:20:35","1","3","3","4","2","3","2","2","3","2","3","2","2","3","Male","35–44","No, I have never used smartwatch before"
"I-first-third-second-4445ce99-6b07-47b3-9498-0ba2a64b2b90","I","first-third-second","Yes","Yes","15","140","2021-04-25-20:19:21","9:15","50","2021-04-25-20:22:04","6:37","125","2021-04-25-20:22:40","3:29","75","2021-04-25-20:24:33","2","4","4","3","3","4","4","1","1","1","3","2","3","4","Male","25–34","Yes, I am currently a smartwatch user"
"I-first-second-third-73e33b9f-f545-4605-8d78-3db1f293c9a8","I","first-second-third","Yes","Yes","15","40","2021-04-25-20:11:32","1:0","20","2021-04-25-20:14:38","3:29","110","2021-04-25-20:16:23","6:38","40","2021-04-25-20:17:31","3","5","4","5","4","2","3","4","4","1","4","5","4","4","Male","25–34","Yes, I used to be a smartwatch user"
"K-second-first-third-ce34e159-efec-4604-b1c6-bdf78c4fb63f","K","second-first-third","Yes","Yes","20","140","2021-04-25-20:10:25","3:11","120","2021-04-25-20:27:45","9:17","40","2021-04-25-20:29:02","2:24","40","2021-04-25-20:29:43","4","5","3","4","5","5","3","4","4","1","5","4","4","3","Female","55–64","Yes, I used to be a smartwatch user"
"A-third-first-second-69f50c53-9170-4eeb-b2d9-dc68b294d0b4","A","third-first-second","Yes","Yes","12","140","2021-04-25-20:16:00","6:38","125","2021-04-25-20:22:35","9:17","40","2021-04-25-20:26:14","3:29","75","2021-04-25-20:27:02","5","5","5","5","5","1","1","5","5","1","4","5","5","5","Male","35–44","Yes, I used to be a smartwatch user"
"C-second-third-first-814baa9e-2ac3-466a-a08a-196756e2a073","C","second-third-first","Yes","Yes","20","140","2021-04-25-20:13:47","6:38","50","2021-04-25-20:18:26","16:23","67","2021-04-25-20:19:07","13:33","78","2021-04-25-20:19:46","1","2","3","2","3","3","3","3","4","1","2","3","2","3","Male","25–34","Yes, I used to be a smartwatch user"
"I-third-second-first-5485d194-89e1-4ac3-b759-bfb6994e1177","I","third-second-first","Yes","Yes","125","958","2021-04-25-20:21:11","6:18","50","2021-04-25-20:23:41","03:29","110","2021-04-25-20:24:26","09:17","50","2021-04-25-20:24:54","1","2","3","3","4","5","5","4","3","1","1","2","3","4","Male","25–34","Yes, I used to be a smartwatch user"
"F-first-second-third-87fd082e-019b-41f4-8d28-2889b8688194","F","first-second-third","Yes","Yes","24","135","2021-04-25-20:15:57","9:17","35","2021-04-25-20:17:55","3:29","70","2021-04-25-20:18:34","6:38","115","2021-04-25-20:21:34","4","4","4","4","4","1","2","1","1","1","4","4","4","4","Female","35–44","No, I have never used smartwatch before"
"B-second-third-first-573f2c34-cd0e-4819-a91b-79163e968d03","B","second-third-first","Yes","Yes","12","40","2021-04-25-20:13:47","3:29","70","2021-04-25-20:20:34","6:38","120","2021-04-25-20:22:26","9:17","35","2021-04-25-20:23:44","4","4","5","5","5","1","1","5","5","1","3","4","4","5","Male","55–64","Yes, I am currently a smartwatch user"
"C-third-second-first-99ac6de0-7d65-403f-af19-b240f7b86e51","C","third-second-first","Yes","Yes","20","120","2021-04-25-20:21:00","2:4","34","2021-04-25-20:23:06","23:22","23","2021-04-25-20:24:18","23:33","34","2021-04-25-20:24:40","4","3","4","3","4","3","4","3","2","1","2","3","4","3","Male","25–34","Yes, I used to be a smartwatch user"
"Q-third-first-second-cc25e867-7dad-4024-88c0-c1739d1fcd64","Q","third-first-second","Yes","Yes","5","5","2021-04-25-20:21:03","6:38","55","2021-04-25-20:22:54","9:27","15","2021-04-25-20:24:19","3:29","50","2021-04-25-20:24:31","2","2","3","2","2","2","3","2","2","3","2","2","3","2","Female","35–44","Yes, I used to be a smartwatch user"
"F-second-third-first-8604afa5-b46b-4f5f-9a78-3dc98aaf699c","F","second-third-first","","","40","110","2021-04-25-20:10:56","4:05","60","","","","","","","","","","","","","","","","","","","","","","","",""
"Q-first-second-third-ddc3dec5-3953-4643-af60-7c26c6867130","Q","first-second-third","Yes","Yes","20","140","2021-04-25-20:20:00","9:18","20","2021-04-25-20:24:21","3:29","60","2021-04-25-20:25:56","3:48","100","2021-04-25-20:27:25","4","5","4","4","4","2","1","3","3","1","5","4","4","4","Male","45–54","No, I have never used smartwatch before"
"G-third-second-first-c3733eaa-f887-4e8c-8b86-4b2573ae6ba6","G","third-second-first","Yes","Yes","25","140","2021-04-25-20:18:35","6:38","96","2021-04-25-20:21:34","9:30","50","2021-04-25-20:23:58","9:17","80","2021-04-25-20:24:10","4","4","4","5","4","5","4","4","4","5","3","5","4","4","Male","25–34","Yes, I used to be a smartwatch user"
"E-first-second-third-17c4a59c-7921-4799-b29d-f0db1d2cc9f8","E","first-second-third","Yes","Yes","20","140","2021-04-25-20:17:45","9:17","80","2021-04-25-20:25:06","3:27","80","2021-04-25-20:28:18","6:38","70","2021-04-25-20:29:14","2","3","2","3","3","3","4","4","3","1","2","2","4","4","Female","35–44","Yes, I used to be a smartwatch user"
"B-first-third-second-c6e2b21e-a442-40b0-b3ea-b513dd8fd544","B","first-third-second","Yes","Yes","15","35","2021-04-25-20:17:41","9:20","40","2021-04-25-20:24:47","4:12","72","2021-04-25-20:28:09","23:2","71","2021-04-25-20:29:16","1","4","3","3","4","4","4","4","5","1","4","3","4","5","Male","25–34","Yes, I used to be a smartwatch user"
"H-second-first-third-d4c9756d-99b5-4c36-98c6-17b5eacf91db","H","second-first-third","Yes","","20","140","2021-04-25-20:25:42","3:17","27","2021-04-25-20:27:25","2:2","45","2021-04-25-20:29:16","11:5","41","","","","","","","","","","","","","","","","","",""
"P-third-second-first-b7fcafd9-66e0-4529-a628-c84b714916ac","P","third-second-first","Yes","Yes","20","140","2021-04-25-20:18:08","1:1","1","2021-04-25-20:23:40","3:29","140","2021-04-25-20:27:20","9:17","20","2021-04-25-20:28:23","3","3","3","3","4","2","3","3","3","1","3","4","3","2","Female","25–34","No, I have never used smartwatch before"
"I-second-first-third-d8e99404-ecab-4d4f-85b8-de5c76fd1513","I","second-first-third","","","20","145","2021-04-25-20:07:04","3:4","75","","","","","","","","","","","","","","","","","","","","","","","",""
"C-second-third-first-590508c9-bed8-463f-a834-e88119ea5e83","C","second-third-first","Yes","Yes","20","40","2021-04-25-20:17:58","4:2","52","2021-04-25-20:25:08","110:23","10","2021-04-25-20:28:44","110:231","30","2021-04-25-20:29:36","3","3","4","3","4","3","4","4","3","1","4","3","3","4","Female","25–34","No, I have never used smartwatch before"
"G-first-second-third-26000dbc-3057-4914-ad7f-e3c991430efd","G","first-second-third","","","15","20","2021-04-25-20:27:42","9:20","2","2021-04-25-20:29:58","3:29","75","","","","","","","","","","","","","","","","","","","","",""
"G-third-first-second-8990ad89-895c-47ac-b0d2-0f93b12e1ab2","G","third-first-second","Yes","Yes","30","145","2021-04-25-20:35:41","6:38","20","2021-04-25-20:39:53","9:17","50","2021-04-25-20:41:06","3:29","70","2021-04-25-20:43:51","3","5","4","2","3","2","5","3","4","1","2","1","1","2","Male","25–34","Yes, I am currently a smartwatch user"
"O-second-third-first-ad7bfd34-571d-4c22-9863-d18a5f12f77b","O","second-third-first","","","20","140","2021-04-25-20:22:17","66:17","67","","","","","","","","","","","","","","","","","","","","","","","",""
"G-first-third-second-830a7263-75ab-4aba-8bcd-07339fa36b2a","G","first-third-second","Yes","Yes","10","175","2021-04-25-20:32:25","9:17","25","2021-04-25-20:36:28","6:38","120","2021-04-25-20:38:48","3:29","85","2021-04-25-20:40:37","4","5","5","2","4","5","3","5","5","1","5","5","1","4","Female","25–34","Yes, I used to be a smartwatch user"
"D-second-third-first-3bebba3d-f68f-41a1-96d4-72abfe422f68","D","second-third-first","Yes","Yes","20","140","2021-04-25-20:39:14","3:29","70","2021-04-25-20:44:06","6:38","120","2021-04-25-20:45:34","9:17","45","2021-04-25-20:47:09","3","4","5","4","4","2","4","5","5","1","3","4","4","2","Female","18–24","Yes, I am currently a smartwatch user"
"F-second-third-first-e89af16f-e22e-4e52-9cc0-5fdd87a07cdf","F","second-third-first","","","20","140","2021-04-25-20:30:22","9:10","47","","","","","","","","","","","","","","","","","","","","","","","",""
"E-third-first-second-b893ef7e-4a51-4642-9526-490cd86d9f68","E","third-first-second","Yes","Yes","25","50","2021-04-25-20:27:46","79:51","40","2021-04-25-20:32:48","179:161","5","2021-04-25-20:33:34","179:175","0","2021-04-25-20:34:28","5","5","5","5","5","2","2","4","4","1","5","5","5","5","Female","55–64","Yes, I used to be a smartwatch user"
"I-second-third-first-e9d03606-f7ca-42e5-9b80-e272f0532f2f","I","second-third-first","","","20","140","2021-04-25-20:31:05","3:29","140","","","","","","","","","","","","","","","","","","","","","","","",""
"B-first-second-third-3fa73898-6530-468a-8bf3-94e7933cba45","B","first-second-third","Yes","Yes","15","135","2021-04-25-20:26:43","9:17","20","2021-04-25-20:31:50","3:29","29","2021-04-25-20:33:40","6:38","120","2021-04-25-20:35:09","1","1","2","2","4","5","3","1","1","1","2","2","1","5","Female","55–64","No, I have never used smartwatch before"
"P-second-third-first-8f71b0f7-0b84-455c-bb39-06bc646f4763","P","second-third-first","","","20","120","2021-04-25-20:31:48","03:29","60","","","","","","","","","","","","","","","","","","","","","","","",""
"M-first-second-third-71f8f474-7fc9-40f2-addf-e2ba4e10f62f","M","first-second-third","","","64","158","2021-04-25-20:21:44","9:15","96","","","","","","","","","","","","","","","","","","","","","","","",""
"C-first-third-second-73b1c08b-8ac9-41f6-999b-c671f7b20541","C","first-third-second","Yes","Yes","20","140","2021-04-25-20:34:58","9:17","30","2021-04-25-20:40:43","6:38","110","2021-04-25-20:42:25","3:29","70","2021-04-25-20:43:10","5","5","5","5","5","1","1","5","5","1","4","4","4","4","Female","45–54","Yes, I am currently a smartwatch user"
"Q-first-third-second-d37fe5de-6ca1-441a-8b71-d424a57505c9","Q","first-third-second","Yes","Yes","20","140","2021-04-25-20:29:58","82:20","100","2021-04-25-20:37:13","78:45","20","2021-04-25-20:40:22","78:15","30","2021-04-25-20:40:45","5","5","5","5","5","5","5","5","5","5","5","5","5","5","Male","25–34","Yes, I used to be a smartwatch user"
"D-first-second-third-eb3d7874-d920-432e-88af-55ac24b39f9a","D","first-second-third","","","35","150","2021-04-25-20:27:52","4:20","16","2021-04-25-20:38:11","3:19","9","","","","","","","","","","","","","","","","","","","","",""
"D-first-second-third-eb3d7874-d920-432e-88af-55ac24b39f9a","D","first-second-third","","","35","150","2021-04-25-20:27:52","4:20","16","2021-04-25-20:38:11","3:19","9","","","","","","","","","","","","","","","","","","","","",""
"B-second-third-first-9fb8434c-4990-41f0-a1f4-20fba622dbf0","B","second-third-first","","","10","25","2021-04-25-20:32:01","3:90","140","","","","","","","","","","","","","","","","","","","","","","","",""
"K-second-first-third-dffd95d1-f3dc-45b4-b259-14beab0f8a0c","K","second-first-third","Yes","Yes","20","120","2021-04-25-20:38:19","2:3","23","2021-04-25-20:39:47","2:3","23","2021-04-25-20:40:21","2:4","24","2021-04-25-20:40:59","2","4","3","2","3","2","3","4","1","1","3","2","4","2","Female","25–34","Yes, I used to be a smartwatch user"
"G-second-third-first-4e04051e-8611-4dba-b8fd-4a0eaf7868aa","G","second-third-first","","","32","176","2021-04-25-20:26:26","3:33","27","","","","","","","","","","","","","","","","","","","","","","","",""
"D-third-second-first-3a037a93-e2ae-4b77-a7bd-3486939eba66","D","third-second-first","Yes","Yes","20","130","2021-04-25-20:37:47","6:38","30","2021-04-25-20:39:59","3:29","70","2021-04-25-20:41:08","9:17","35","2021-04-25-20:42:04","2","3","4","4","3","1","1","4","4","1","3","4","4","4","Male","25–34","Yes, I am currently a smartwatch user"
"Q-third-first-second-83b4010a-f5ea-4967-9378-b397de5a8854","Q","third-first-second","Yes","Yes","0537","0428","2021-04-25-20:35:26","06:38","100","2021-04-25-20:38:19","09:17","110","2021-04-25-20:39:51","3:17","58","2021-04-25-20:40:06","1","2","2","2","2","2","2","2","2","2","2","2","2","3","Male","25–34","Yes, I used to be a smartwatch user"
"O-third-first-second-b3e677c0-7591-4452-b3f1-63c59aae1803","O","third-first-second","Yes","Yes","30","140","2021-04-25-20:21:05","6:35","115","2021-04-25-20:39:33","9:17","30","2021-04-25-20:42:53","3:29","70","2021-04-25-20:43:57","4","5","4","4","4","2","2","4","5","1","4","5","4","5","Female","25–34","Yes, I am currently a smartwatch user"
"D-first-third-second-033b3df4-1aec-40cf-9f09-52ddb713c41a","D","first-third-second","","","25","140","2021-04-25-20:37:55","9:17","40","2021-04-25-20:41:01","6:28","125","","","","","","","","","","","","","","","","","","","","",""
"C-second-third-first-f6d270ac-6f66-45ce-9ce7-e2423e61b7bc","C","second-third-first","Yes","Yes","907","0523","2021-04-25-20:41:50","09:17","80","2021-04-25-20:44:59","06:38","104","2021-04-25-20:46:42","09:17","42","2021-04-25-20:46:55","2","3","2","2","2","2","2","3","2","2","2","3","2","2","Male","25–34","Yes, I used to be a smartwatch user"
"C-second-third-first-4efdfbef-f09d-40e5-8394-063e62cb8c64","C","second-third-first","Yes","Yes","20","140","2021-04-25-20:47:49","3:29","50","2021-04-25-20:52:48","3:39","30","2021-04-25-20:53:31","6:17","30","2021-04-25-20:55:07","2","1","3","3","3","2","1","2","2","1","5","4","4","3","Male","35–44","No, I have never used smartwatch before"
"I-first-second-third-53c5ebf3-b961-4574-9018-a591015f1d2b","I","first-second-third","Yes","Yes","15","135","2021-04-25-20:34:00","09:17","40","2021-04-25-20:39:57","3:29","75","2021-04-25-20:41:36","06:38","140","2021-04-25-20:42:51","3","3","5","5","5","1","1","5","5","1","5","5","5","5","Male","25–34","Yes, I am currently a smartwatch user"
"D-third-second-first-8552bf96-ebbb-45a8-b58b-02755928fab3","D","third-second-first","Yes","Yes","12","140","2021-04-25-20:20:59","6:45","115","2021-04-25-20:59:14","3:29","70","2021-04-25-20:59:59","9:17","69","2021-04-25-21:00:57","4","5","5","4","5","2","2","5","4","1","4","5","5","4","Male","25–34","Yes, I used to be a smartwatch user"
"A-second-third-first-0c9c775d-1920-428b-b307-107cfdbbcc97","A","second-third-first","Yes","Yes","10","140","2021-04-25-20:37:18","3:29","74","2021-04-25-20:55:27","6:38","115","2021-04-25-20:56:15","9:17","25","2021-04-25-20:57:27","1","1","4","4","4","1","1","1","1","1","5","5","5","5","Female","25–34","Yes, I am currently a smartwatch user"
"J-third-first-second-7340d4cf-6fc0-41a6-985b-99a33484e33f","J","third-first-second","Yes","Yes","12","137","2021-04-25-21:17:47","6:38","34","2021-04-25-21:24:02","9:17","34","2021-04-25-21:26:28","3:29","34","2021-04-25-21:29:24","4","3","3","3","3","2","1","1","1","1","1","2","1","5","Female","45–54","No, I have never used smartwatch before"
"C-first-second-third-59e72c98-acc7-47b9-a664-d2e5e0b66eb5","C","first-second-third","Yes","Yes","20","140","2021-04-25-20:59:21","9:17","30","2021-04-25-21:04:49","3:29","60","2021-04-25-21:06:44","6:38","110","2021-04-25-21:07:51","4","5","5","5","5","1","1","5","5","1","4","5","3","4","Female","35–44","No, I have never used smartwatch before"
"O-third-second-first-7f86908a-67e0-4be1-8d64-cb371493a973","O","third-second-first","Yes","","4","108","2021-04-25-20:47:12","6:38","10","2021-04-25-20:50:08","3:29","65","2021-04-25-20:52:25","9:17","35","","","","","","","","","","","","","","","","","",""
"F-first-second-third-01398578-0fc0-4c9c-8a88-e0c94784896a","F","first-second-third","Yes","Yes","49","60","2021-04-25-20:48:45","9:20","25","2021-04-25-20:51:15","3:20","15","2021-04-25-20:51:59","3:1","15","2021-04-25-20:52:43","1","5","1","1","1","4","5","2","2","1","3","1","1","1","Female","55–64","Yes, I used to be a smartwatch user"
"I-second-third-first-98865420-6c52-44d5-93a0-96c70c785896","I","second-third-first","Yes","Yes","25","160","2021-04-25-20:44:41","03:29","100","2021-04-25-20:50:36","06:38","100","2021-04-25-20:53:00","09:17","100","2021-04-25-20:54:02","1","4","3","3","3","4","4","3","3","1","4","3","4","5","Female","25–34","Yes, I used to be a smartwatch user"
"F-first-third-second-4fbd1854-cd50-4ad8-b24f-82b48d52e1af","F","first-third-second","Yes","Yes","20","140","2021-04-25-20:57:13","9:17","25","2021-04-25-21:03:26","6:38","40","2021-04-25-21:06:13","3:29","50","2021-04-25-21:07:54","1","3","1","1","2","3","4","3","4","1","3","2","1","2","Female","55–64","Yes, I am currently a smartwatch user"
"C-first-second-third-c6a1e86f-6498-4837-897e-e366280c7db7","C","first-second-third","","","25","45","2021-04-25-20:47:21","9:32","140","","","","","","","","","","","","","","","","","","","","","","","",""
"O-third-second-first-8558b48c-46ba-4cec-9943-d6f47f24cf5a","O","third-second-first","Yes","Yes","20","140","2021-04-25-21:13:33","06:38","14","2021-04-25-21:19:41","3:29","20","2021-04-25-21:22:21","9:17","30","2021-04-25-21:23:44","2","3","2","2","2","4","5","2","2","1","3","2","2","3","Male","35–44","Yes, I am currently a smartwatch user"
"H-second-first-third-0b61f5c9-6fe7-43e6-b8ee-6674b4d46ffe","H","second-first-third","Yes","Yes","65","120","2021-04-25-20:54:31","3:29","89","2021-04-25-21:07:08","9:19","92","2021-04-25-21:07:57","6:38","120","2021-04-25-21:08:43","4","4","5","3","3","4","2","4","2","2","3","2","4","2","Male","35–44","No, I have never used smartwatch before"
"M-first-second-third-1d8411b0-a673-4e8b-aff1-a511d9faeece","M","first-second-third","Yes","Yes","65","102","2021-04-25-20:53:51","9:17","23","2021-04-25-20:55:37","3:29","23","2021-04-25-20:56:22","6:38","23","2021-04-25-20:57:02","2","4","2","2","2","4","5","3","3","1","3","1","1","1","Male","45–54","Yes, I used to be a smartwatch user"
"N-second-first-third-58c2b7cc-c2b9-43ab-9e33-6c0d881f7ed0","N","second-first-third","Yes","Yes","110","110","2021-04-25-20:35:42","3:1","20","2021-04-25-20:56:14","9:20","23","2021-04-25-20:57:11","6:38","50","2021-04-25-20:57:58","3","2","2","3","4","2","5","4","3","1","3","4","3","2","Female","25–34","Yes, I used to be a smartwatch user"
"H-second-first-third-fb623bd4-879b-46eb-9dfd-11c9ab38406c","H","second-first-third","Yes","Yes","20","120","2021-04-25-20:49:39","3:29","60","2021-04-25-20:55:39","9:17","20","2021-04-25-20:58:25","6:38","120","2021-04-25-20:59:50","5","5","5","5","4","1","1","4","4","1","3","4","3","4","Female","Above 65","Yes, I am currently a smartwatch user"
"G-second-first-third-885747ad-745b-43e8-8a60-ecc19a123802","G","second-first-third","Yes","Yes","30","176","2021-04-25-20:51:38","3:29","30","2021-04-25-20:55:23","9:17","130","2021-04-25-20:56:28","6:38","15","2021-04-25-21:03:48","3","2","2","2","3","3","3","2","3","1","3","3","5","4","Female","45–54","No, I have never used smartwatch before"
"E-third-first-second-bd099d0f-f377-4898-b051-2edeceb1c1c5","E","third-first-second","Yes","Yes","20","45","2021-04-25-20:34:32","3:18","20","2021-04-25-21:12:22","9:17","25","2021-04-25-21:13:18","3:29","80","2021-04-25-21:14:14","4","4","3","3","4","5","5","3","3","1","2","3","3","3","Female","45–54","Yes, I am currently a smartwatch user"
"H-third-second-first-8436e477-dbd6-443f-a721-63bc8c077eba","H","third-second-first","Yes","Yes","20","140","2021-04-25-21:33:20","6:38","0","2021-04-25-21:40:59","3:29","75","2021-04-25-21:41:52","9:17","25","2021-04-25-21:43:35","2","2","1","1","2","1","5","1","1","1","1","3","1","1","Male","25–34","Yes, I am currently a smartwatch user"
"P-second-first-third-7112dd11-afeb-4c37-90fa-5a3473ab62b9","P","second-first-third","Yes","Yes","20","160","2021-04-25-21:11:05","3:29","110","2021-04-25-21:17:01","9:17","23","2021-04-25-21:17:59","6:38","110","2021-04-25-21:18:32","3","4","3","2","4","3","3","2","4","1","4","3","2","1","Male","35–44","Yes, I am currently a smartwatch user"
"D-second-first-third-aee27982-a073-487e-a565-483e83781ff4","D","second-first-third","Yes","Yes","20","130","2021-04-25-21:04:44","3:29","40","2021-04-25-21:08:08","9:17","28","2021-04-25-21:09:30","6:38","115","2021-04-25-21:10:25","3","5","5","5","5","1","1","5","5","1","5","5","5","5","Male","35–44","Yes, I am currently a smartwatch user"
"P-second-first-third-a6b2a369-6c4a-4aeb-a370-ae83e00aec7d","P","second-first-third","Yes","Yes","33","100","2021-04-25-21:01:53","3:29","20","2021-04-25-21:06:59","9:17","25","2021-04-25-21:09:28","6:38","110","2021-04-25-21:10:26","1","2","1","1","1","5","5","3","3","1","5","2","1","2","Female","Above 65","No, I have never used smartwatch before"
"O-third-first-second-a70c40c4-bc60-4112-a206-0df9c4cfeeb3","O","third-first-second","","","20","140","2021-04-25-20:55:34","18:03","60","2021-04-25-21:10:43","10:03","90","","","","","","","","","","","","","","","","","","","","",""
"E-first-third-second-b2219cb4-94f3-44d3-b8f3-cadda063777f","E","first-third-second","Yes","Yes","25","140","2021-04-25-21:01:52","9:17","45","2021-04-25-21:07:24","6:38","125","2021-04-25-21:09:41","3:29","75","2021-04-25-21:10:48","2","2","4","2","3","4","5","2","2","1","3","2","1","2","Male","25–34","No, I have never used smartwatch before"
"C-second-first-third-cb633f90-2f70-48a8-bf09-aa064d42be86","C","second-first-third","Yes","Yes","30","140","2021-04-25-21:04:42","3:29","70","2021-04-25-21:11:14","9:17","30","2021-04-25-21:14:28","6:38","110","2021-04-25-21:15:06","5","5","5","5","5","1","1","5","5","1","4","5","4","5","Female","35–44","Yes, I am currently a smartwatch user"
"P-first-third-second-9ff118a4-d367-42df-8fae-685717c179b6","P","first-third-second","Yes","Yes","36","160","2021-04-25-21:02:13","11:05","50","2021-04-25-21:13:38","6:45","24","2021-04-25-21:14:31","6:30","10","2021-04-25-21:15:26","3","2","3","3","4","3","3","4","4","1","2","3","3","3","Male","45–54","Yes, I am currently a smartwatch user"
"E-second-first-third-43123f06-677f-4c4f-bd70-9a705ac77b6e","E","second-first-third","Yes","Yes","20","130","2021-04-25-21:10:46","3:29","25","2021-04-25-21:15:33","9:17","45","2021-04-25-21:18:16","6:37","120","2021-04-25-21:18:58","3","3","3","2","3","2","2","1","1","1","3","3","2","3","Female","45–54","No, I have never used smartwatch before"
"D-third-second-first-58c4e4c0-79ec-4144-be4c-d2d9073ef3f5","D","third-second-first","Yes","Yes","10","20","2021-04-25-21:26:01","6:38","5","2021-04-25-21:27:57","3:29","90","2021-04-25-21:28:32","9:17","25","2021-04-25-21:29:13","1","5","1","1","1","5","5","1","1","1","1","1","1","1","Female","35–44","No, I have never used smartwatch before"
"D-second-third-first-0be5db7a-21e0-4f20-a8ad-67dfa7023bd0","D","second-third-first","","","20","140","2021-04-25-21:28:49","3:29","24","","","","","","","","","","","","","","","","","","","","","","","",""
"A-third-second-first-4eb59459-ba33-4c74-bebf-478b6199c26d","A","third-second-first","Yes","Yes","10","135","2021-04-25-21:30:05","6:37","10","2021-04-25-21:36:01","3:29","30","2021-04-25-21:39:18","9:17","40","2021-04-25-21:40:35","2","3","2","3","3","5","4","4","3","1","2","1","1","2","Female","55–64","Yes, I used to be a smartwatch user"
"I-third-first-second-4cc5f327-9e64-4d1b-af59-638fbe94055c","I","third-first-second","","","125","140","2021-04-25-21:31:04","6:38","30","2021-04-25-21:37:39","9:17","20","","","","","","","","","","","","","","","","","","","","",""
"I-second-first-third-ec3291cf-3595-41ab-b821-a1159385ecbb","I","second-first-third","Yes","Yes","20","145","2021-04-25-21:33:03","3:29","50","2021-04-25-21:37:01","9:17","40","2021-04-25-21:37:54","6:38","115","2021-04-25-21:39:40","4","3","4","4","5","1","1","4","4","1","5","5","5","5","Male","35–44","Yes, I am currently a smartwatch user"
"M-third-second-first-12a3a298-a925-4329-8996-e20e65502f6e","M","third-second-first","Yes","","18","110","2021-04-25-22:25:30","6:35","15","2021-04-25-22:31:53","3:29","110","2021-04-25-22:33:40","9:17","35","","","","","","","","","","","","","","","","","",""
"I-second-first-third-f2804c15-8b1f-4289-9a64-2b0b8273fac0","I","second-first-third","Yes","Yes","10","140","2021-04-25-21:37:01","3:29","25","2021-04-25-21:40:31","9:18","40","2021-04-25-21:42:07","6:38","20","2021-04-25-21:42:51","3","2","2","2","2","4","4","4","4","1","4","2","1","2","Male","35–44","No, I have never used smartwatch before"
"E-second-third-first-a8b91a42-127f-4a59-a061-b9cf4a33cdd7","E","second-third-first","Yes","Yes","2","2","2021-04-25-22:15:06","3:29","52","2021-04-25-22:17:02","06:38","52","2021-04-25-22:17:54","09:17","52","2021-04-25-22:18:26","1","4","3","2","3","5","2","3","4","2","3","4","2","3","Female","25–34","Yes, I used to be a smartwatch user"
"J-third-second-first-42948c7f-9241-455e-a6a2-e3ff826b0acd","J","third-second-first","Yes","Yes","15","35","2021-04-25-21:08:03","06:32","150","2021-04-25-22:16:07","03:12","200","2021-04-25-22:17:00","9:17","75","2021-04-25-22:18:36","3","5","3","4","3","2","4","3","3","1","4","5","4","2","Female","35–44","Yes, I used to be a smartwatch user"
"C-second-first-third-15a8cc9e-04c4-4c08-b70d-706d7b6ea029","C","second-first-third","Yes","Yes","20","40","2021-04-25-22:11:26","3:19","40","2021-04-25-22:15:01","9:17","40","2021-04-25-22:17:00","6:38","110","2021-04-25-22:18:52","4","5","5","5","2","1","1","5","5","1","3","4","3","4","Female","25–34","No, I have never used smartwatch before"
"M-first-second-third-f8b98d54-fa03-4e6a-89a3-ee70689bbc72","M","first-second-third","","","25","40","2021-04-25-21:39:39","120:140","90","2021-04-25-21:51:10","15:19","0","","","","","","","","","","","","","","","","","","","","",""
"K-first-second-third-3d7e9dce-101d-4b1d-abcb-f3e32cea3326","K","first-second-third","Yes","Yes","20","140","2021-04-25-21:43:10","9:17","30","2021-04-25-21:48:33","3:29","70","2021-04-25-21:50:36","6:38","110","2021-04-25-21:51:20","4","5","5","5","5","1","1","5","5","1","4","5","4","5","Male","35–44","Yes, I am currently a smartwatch user"
"K-first-second-third-0957813f-bf63-452a-9c2f-0752324a7b55","K","first-second-third","Yes","Yes","20","140","2021-04-25-21:42:00","9:17","15","2021-04-25-21:48:32","3:29","26","2021-04-25-21:50:40","6:38","36","2021-04-25-21:51:38","2","3","3","1","2","4","4","3","4","1","2","2","1","3","Male","35–44","No, I have never used smartwatch before"
"N-second-third-first-6e06416b-d5d8-4fa5-b265-cfbe79a4773a","N","second-third-first","Yes","Yes","25","140","2021-04-25-22:10:43","3:29","25","2021-04-25-22:16:21","6:38","125","2021-04-25-22:18:16","9:17","40","2021-04-25-22:19:09","3","5","5","4","5","1","2","3","3","1","3","3","2","3","Male","35–44","No, I have never used smartwatch before"
"P-second-third-first-88ed8f8d-161c-4181-ac5d-7ae2eccf8695","P","second-third-first","Yes","Yes","15","128","2021-04-25-21:57:33","3:29","70","2021-04-25-22:01:45","6:38","15","2021-04-25-22:02:46","9:17","20","2021-04-25-22:04:35","1","3","2","2","2","1","5","2","2","1","1","1","1","1","Female","35–44","Yes, I am currently a smartwatch user"
"O-first-third-second-96fb6efa-c93e-479c-b079-521d54d989f9","O","first-third-second","Yes","Yes","25","30","2021-04-25-22:15:31","9.00:10","50","2021-04-25-22:22:10","6:35","50","2021-04-25-22:23:32","3:25","60","2021-04-25-22:24:34","3","3","3","3","3","3","3","3","3","1","3","3","3","3","Female","35–44","Yes, I used to be a smartwatch user"
"J-third-second-first-60033ed7-fb7c-44dd-8c02-a6fcd6a0e8a6","J","third-second-first","Yes","","15","140","2021-04-25-22:20:56","6:35","20","2021-04-25-22:23:48","3:29","70","2021-04-25-22:24:47","9:17","30","","","","","","","","","","","","","","","","","",""
"C-second-third-first-ce7d7f50-5ed6-400b-ad45-142bda044528","C","second-third-first","Yes","Yes","20","140","2021-04-25-22:16:53","3:29","30","2021-04-25-22:28:30","6:38","100","2021-04-25-22:29:12","9:13","30","2021-04-25-22:30:26","1","3","3","3","3","5","5","5","5","1","3","3","3","2","Male","25–34","Yes, I used to be a smartwatch user"
"O-third-first-second-11497820-9026-41e2-9cfe-87f2a3462db6","O","third-first-second","Yes","Yes","19","136","2021-04-25-22:16:27","6:12","70","2021-04-25-22:25:59","9:17","54","2021-04-25-22:29:02","3:29","65","2021-04-25-22:30:45","3","1","3","3","1","3","3","3","2","1","3","3","3","3","Female","35–44","Yes, I am currently a smartwatch user"
"K-second-first-third-e8f60f9a-9eaa-49de-9c22-98e6d8bf25ad","K","second-first-third","Yes","Yes","20","40","2021-04-25-22:13:00","3:29","60","2021-04-25-22:15:21","9:17","10","2021-04-25-22:15:54","6:38","110","2021-04-25-22:17:12","3","2","2","4","3","2","3","1","1","1","5","3","3","3","Female","25–34","No, I have never used smartwatch before"
"C-third-second-first-98062352-d2b9-4444-9bec-5c60721abd36","C","third-second-first","","","20","140","2021-04-25-22:41:41","15:35","70","2021-04-25-22:46:09","15:29","70","","","","","","","","","","","","","","","","","","","","",""
"K-second-first-third-c32cb604-1b58-402a-915b-f41f11a3e769","K","second-first-third","Yes","Yes","20","40","2021-04-25-22:13:48","3:29","70","2021-04-25-22:18:58","9:17","30","2021-04-25-22:20:36","6:10","110","2021-04-25-22:21:43","4","2","4","3","4","4","3","4","3","1","3","4","3","4","Male","25–34","Yes, I used to be a smartwatch user"
"M-first-second-third-5f94e3b3-fec0-4812-a0d3-336a9abddaa7","M","first-second-third","Yes","Yes","25","150","2021-04-25-22:14:59","9:17","40","2021-04-25-22:19:20","3:29","60","2021-04-25-22:20:57","6:38","10","2021-04-25-22:22:00","3","3","3","3","4","5","5","2","2","1","1","1","1","3","Female","45–54","No, I have never used smartwatch before"
"C-first-second-third-9664f7b1-36c4-473f-bd1c-6c79d55615df","C","first-second-third","Yes","Yes","20","140","2021-04-25-22:32:34","21:40","30","2021-04-25-22:51:05","03:29","30","2021-04-25-22:52:03","06:38","110","2021-04-25-22:52:33","3","3","3","3","4","4","3","3","3","3","3","3","3","3","Male","18–24","Yes, I used to be a smartwatch user"
"I-first-second-third-44a3472f-40aa-4e90-ac34-339079c78150","I","first-second-third","Yes","Yes","20","40","2021-04-25-22:11:32","09:12","20","2021-04-25-22:21:01","03:29","80","2021-04-25-22:26:40","06:38","40","2021-04-25-22:28:08","3","4","3","3","4","2","4","2","3","1","5","4","5","4","Male","25–34","Yes, I am currently a smartwatch user"
"F-third-second-first-5265f9a0-f546-4a89-8410-db1511c1811d","F","third-second-first","Yes","","25","132","2021-04-25-22:30:16","6:35","15","2021-04-25-22:31:50","3:29","70","2021-04-25-22:32:42","9:17","40","","","","","","","","","","","","","","","","","",""
"O-first-third-second-76af2ee3-c6fd-4e8c-8ea7-8960cefc8006","O","first-third-second","Yes","Yes","20","135","2021-04-25-22:43:05","9:15","80","2021-04-25-22:46:51","6:23","20","2021-04-25-22:47:28","6:29","20","2021-04-25-22:48:06","2","3","3","3","3","4","3","2","2","1","3","3","2","3","Male","45–54","Yes, I am currently a smartwatch user"
"F-second-first-third-70a9f6ff-a348-4d8a-9549-1a2c3f9fad7e","F","second-first-third","Yes","","20","140","2021-04-25-22:36:59","3:29","70","2021-04-25-22:38:32","9:17","35","2021-04-25-22:39:35","6:38","115","","","","","","","","","","","","","","","","","",""
"E-second-first-third-a11c846e-a6f5-4c35-8b4e-811aded4b6af","E","second-first-third","Yes","Yes","110","110","2021-04-25-22:35:37","2:10","23","2021-04-25-22:38:09","9:17","25","2021-04-25-22:39:14","6:38","13","2021-04-25-22:40:10","2","4","2","2","3","4","2","2","2","1","4","3","3","3","Male","25–34","No, I have never used smartwatch before"
"K-second-first-third-a786fcc0-c1e1-41e5-8ef8-a4d4b8d1f617","K","second-first-third","","","20","140","2021-04-25-22:43:16","06:44","30","","","","","","","","","","","","","","","","","","","","","","","",""
"E-first-third-second-8075f774-219a-4986-8b11-f5c48c4422d8","E","first-third-second","Yes","Yes","25","50","2021-04-25-22:52:14","9:17","25","2021-04-25-22:56:49","3:18","25","2021-04-25-22:58:27","3:29","125","2021-04-25-23:00:13","2","2","1","1","1","5","5","3","3","3","4","2","2","4","Female","45–54","No, I have never used smartwatch before"
"B-first-third-second-6b576b54-79ed-42a2-a69e-aebe874c3bb6","B","first-third-second","Yes","Yes","15","135","2021-04-25-22:47:19","9:17","40","2021-04-25-22:53:50","6:38","120","2021-04-25-22:55:58","3:29","170","2021-04-25-22:57:14","5","1","5","5","5","1","1","2","2","1","4","5","3","5","Female","25–34","No, I have never used smartwatch before"
"O-second-first-third-72ab7ce2-7fbc-4971-b423-834f12fde135","O","second-first-third","Yes","Yes","40","140","2021-04-25-22:58:02","3:49","40","2021-04-25-23:08:10","9:17","40","2021-04-25-23:11:36","9:20","40","2021-04-25-23:12:26","1","4","4","4","4","4","4","4","4","1","4","3","4","4","Male","35–44","Yes, I am currently a smartwatch user"
"Q-first-third-second-857a8d3d-5357-4900-84ed-d8faa8c1a922","Q","first-third-second","Yes","Yes","20","140","2021-04-25-23:00:47","9:17","20","2021-04-25-23:08:32","6:38","100","2021-04-25-23:12:00","3:29","60","2021-04-25-23:12:56","5","5","4","4","5","1","1","5","5","1","5","5","5","5","Male","25–34","Yes, I am currently a smartwatch user"
"B-third-second-first-61aa5452-bf7a-41ff-a7ee-5824697a91d6","B","third-second-first","Yes","Yes","3","5","2021-04-25-23:03:43","4:60","4","2021-04-25-23:05:55","2:30","2","2021-04-25-23:10:03","3:1","5","2021-04-25-23:13:55","2","4","5","4","5","4","5","4","4","4","4","5","4","4","Female","35–44","Yes, I used to be a smartwatch user"
"D-first-third-second-9ce6b81a-ccb1-4e48-8a04-bde66ce54840","D","first-third-second","Yes","Yes","62","158","2021-04-25-23:15:36","09:17","63","2021-04-25-23:22:38","06:38","159","2021-04-25-23:23:56","03:129","96","2021-04-25-23:25:04","5","5","5","4","4","4","5","4","5","4","4","5","4","5","Female","35–44","Yes, I am currently a smartwatch user"
"O-second-first-third-3976e517-7831-4a7a-a51a-24b59761853e","O","second-first-third","Yes","Yes","65","67","2021-04-25-23:10:13","44:00","65","2021-04-25-23:24:28","186:00","41","2021-04-25-23:25:39","6:24","41","2021-04-25-23:26:23","5","5","5","5","5","5","5","5","4","5","5","5","5","4","Female","25–34","Yes, I used to be a smartwatch user"
"J-third-second-first-2b8bcf40-1400-4b5c-a847-9537d503bbe3","J","third-second-first","","","25","59","2021-04-25-23:14:40","149:5","5","","","","","","","","","","","","","","","","","","","","","","","",""
"O-second-first-third-1b0ff57f-8aab-474f-8794-cfdc3173a141","O","second-first-third","Yes","Yes","60","100","2021-04-26-00:05:25","3:29","125","2021-04-26-00:15:58","9:17","40","2021-04-26-00:16:39","9:17","90","2021-04-26-00:17:45","4","4","4","4","4","1","1","2","4","1","4","4","4","5","Female","35–44","No, I have never used smartwatch before"
